concept,concept_key,year,sample_count,share
Attention,attention,2000,9.0,0.04146318990140975
Attention,attention,2001,13.0,0.0625782227784731
Attention,attention,2002,27.0,0.05799467308187989
Attention,attention,2003,22.0,0.06264950449937351
Attention,attention,2004,16.0,0.04725897920604915
Attention,attention,2005,18.0,0.04367977868912131
Attention,attention,2006,24.0,0.052922886943482766
Attention,attention,2007,28.0,0.0619030774672798
Attention,attention,2008,27.0,0.05639568886289582
Attention,attention,2009,32.0,0.06130268199233716
Attention,attention,2010,29.0,0.052760847812244153
Attention,attention,2011,35.0,0.06146173567941559
Attention,attention,2012,38.0,0.0627311146328579
Attention,attention,2013,40.0,0.06316321374431531
Attention,attention,2014,40.0,0.057479522919959766
Attention,attention,2015,64.0,0.09341020214551558
Attention,attention,2016,157.0,0.20462958135655077
Attention,attention,2017,293.0,0.3464995269631031
Attention,attention,2018,659.0,0.6625246310371175
Attention,attention,2019,1122.0,0.9866685426852861
Attention,attention,2020,1329.0,1.0370092932887005
Attention,attention,2021,1823.0,1.247109688188373
Attention,attention,2022,1967.0,1.2537686360246547
Attention,attention,2023,2365.0,1.2749257416402069
Attention,attention,2024,2931.0,1.397517749095261
Attention,attention,2025,1978.0,1.6010101418893214
Transformer,transformer,2000,13.0,0.0598912743020363
Transformer,transformer,2001,14.0,0.06739193222297102
Transformer,transformer,2002,39.0,0.08377008334049317
Transformer,transformer,2003,30.0,0.08543114249914568
Transformer,transformer,2004,20.0,0.05907372400756144
Transformer,transformer,2005,32.0,0.07765293989177122
Transformer,transformer,2006,37.0,0.08158945070453594
Transformer,transformer,2007,33.0,0.07295719844357977
Transformer,transformer,2008,27.0,0.05639568886289582
Transformer,transformer,2009,29.0,0.05555555555555555
Transformer,transformer,2010,28.0,0.0509415082325116
Transformer,transformer,2011,31.0,0.0544375373160538
Transformer,transformer,2012,45.0,0.07428684627575277
Transformer,transformer,2013,41.0,0.06474229408792319
Transformer,transformer,2014,46.0,0.06610145135795373
Transformer,transformer,2015,40.0,0.058381376340947234
Transformer,transformer,2016,40.0,0.05213492518638236
Transformer,transformer,2017,45.0,0.053216650898770104
Transformer,transformer,2018,142.0,0.1427594804359191
Transformer,transformer,2019,971.0,0.8538815997748778
Transformer,transformer,2020,2277.0,1.7767269833095345
Transformer,transformer,2021,3544.0,2.4244414344155754
Transformer,transformer,2022,4180.0,2.6643380267326164
Transformer,transformer,2023,5816.0,3.1352930711963816
Transformer,transformer,2024,4767.0,2.2729331661334387
Transformer,transformer,2025,2924.0,2.3667106445320405
Language Model Frontier,language_model_frontier,2000,146.0,0.6726250806228693
Language Model Frontier,language_model_frontier,2001,123.0,0.5920862616732454
Language Model Frontier,language_model_frontier,2002,412.0,0.8849557522123894
Language Model Frontier,language_model_frontier,2003,244.0,0.6948399589930516
Language Model Frontier,language_model_frontier,2004,230.0,0.6793478260869565
Language Model Frontier,language_model_frontier,2005,274.0,0.664903297823291
Language Model Frontier,language_model_frontier,2006,300.0,0.6615360867935346
Language Model Frontier,language_model_frontier,2007,282.0,0.623452423063318
Language Model Frontier,language_model_frontier,2008,288.0,0.6015540145375553
Language Model Frontier,language_model_frontier,2009,321.0,0.6149425287356322
Language Model Frontier,language_model_frontier,2010,291.0,0.5294278177021741
Language Model Frontier,language_model_frontier,2011,262.0,0.46008499280019666
Language Model Frontier,language_model_frontier,2012,359.0,0.5926439513998943
Language Model Frontier,language_model_frontier,2013,353.0,0.5574153612935826
Language Model Frontier,language_model_frontier,2014,429.0,0.6164678833165684
Language Model Frontier,language_model_frontier,2015,473.0,0.6903597752317011
Language Model Frontier,language_model_frontier,2016,565.0,0.7364058182576508
Language Model Frontier,language_model_frontier,2017,618.0,0.7308420056764428
Language Model Frontier,language_model_frontier,2018,1018.0,1.0234447259420114
Language Model Frontier,language_model_frontier,2019,2054.0,1.8062541770727074
Language Model Frontier,language_model_frontier,2020,3918.0,3.0571876682506613
Language Model Frontier,language_model_frontier,2021,5564.0,3.806318324234837
Language Model Frontier,language_model_frontier,2022,6892.0,4.392970736899807
Language Model Frontier,language_model_frontier,2023,12407.0,6.688373647581415
Language Model Frontier,language_model_frontier,2024,17076.0,8.141935545394295
Language Model Frontier,language_model_frontier,2025,9687.0,7.840740770718836
Graph Neural Network,graph_neural_network,2000,7.0,0.03224914770109647
Graph Neural Network,graph_neural_network,2001,7.0,0.03369596611148551
Graph Neural Network,graph_neural_network,2002,21.0,0.04510696795257325
Graph Neural Network,graph_neural_network,2003,19.0,0.05410639024945894
Graph Neural Network,graph_neural_network,2004,24.0,0.07088846880907372
Graph Neural Network,graph_neural_network,2005,25.0,0.06066635929044626
Graph Neural Network,graph_neural_network,2006,33.0,0.0727689695472888
Graph Neural Network,graph_neural_network,2007,36.0,0.07958967102935975
Graph Neural Network,graph_neural_network,2008,44.0,0.09190408555434873
Graph Neural Network,graph_neural_network,2009,73.0,0.13984674329501914
Graph Neural Network,graph_neural_network,2010,98.0,0.1782952788137906
Graph Neural Network,graph_neural_network,2011,110.0,0.193165454992449
Graph Neural Network,graph_neural_network,2012,139.0,0.2294638140517697
Graph Neural Network,graph_neural_network,2013,202.0,0.31897422940879233
Graph Neural Network,graph_neural_network,2014,249.0,0.35781003017674956
Graph Neural Network,graph_neural_network,2015,345.0,0.5035393709406699
Graph Neural Network,graph_neural_network,2016,536.0,0.6986079974975236
Graph Neural Network,graph_neural_network,2017,789.0,0.9330652790917692
Graph Neural Network,graph_neural_network,2018,1399.0,1.4064824868299353
Graph Neural Network,graph_neural_network,2019,2227.0,1.9583875619965527
Graph Neural Network,graph_neural_network,2020,3236.0,2.5250278954719603
Graph Neural Network,graph_neural_network,2021,4492.0,3.072965836172338
Graph Neural Network,graph_neural_network,2022,5396.0,3.439418179963923
Graph Neural Network,graph_neural_network,2023,6631.0,3.574643802459286
Graph Neural Network,graph_neural_network,2024,6314.0,3.010551711971163
Graph Neural Network,graph_neural_network,2025,3997.0,3.235206034950262
Reinforcement Learning,reinforcement_learning,2000,242.0,1.1148991062379066
Reinforcement Learning,reinforcement_learning,2001,299.0,1.4392991239048811
Reinforcement Learning,reinforcement_learning,2002,779.0,1.673253715954979
Reinforcement Learning,reinforcement_learning,2003,576.0,1.6402779359835973
Reinforcement Learning,reinforcement_learning,2004,571.0,1.6865548204158791
Reinforcement Learning,reinforcement_learning,2005,625.0,1.5166589822611565
Reinforcement Learning,reinforcement_learning,2006,727.0,1.6031224503296655
Reinforcement Learning,reinforcement_learning,2007,763.0,1.6868588609833746
Reinforcement Learning,reinforcement_learning,2008,854.0,1.7837747514412232
Reinforcement Learning,reinforcement_learning,2009,833.0,1.5957854406130267
Reinforcement Learning,reinforcement_learning,2010,877.0,1.5955608114254525
Reinforcement Learning,reinforcement_learning,2011,862.0,1.5137147473044639
Reinforcement Learning,reinforcement_learning,2012,994.0,1.6409138932910723
Reinforcement Learning,reinforcement_learning,2013,894.0,1.4116978271854472
Reinforcement Learning,reinforcement_learning,2014,895.0,1.2861043253340998
Reinforcement Learning,reinforcement_learning,2015,910.0,1.3281763117565497
Reinforcement Learning,reinforcement_learning,2016,1179.0,1.53667691986862
Reinforcement Learning,reinforcement_learning,2017,1587.0,1.8767738883632923
Reinforcement Learning,reinforcement_learning,2018,2515.0,2.5284513612418063
Reinforcement Learning,reinforcement_learning,2019,3530.0,3.1042245594287525
Reinforcement Learning,reinforcement_learning,2020,4168.0,3.2522608987413877
Reinforcement Learning,reinforcement_learning,2021,5073.0,3.470426466362927
Reinforcement Learning,reinforcement_learning,2022,5245.0,3.343170562251812
Reinforcement Learning,reinforcement_learning,2023,6051.0,3.261977024382618
Reinforcement Learning,reinforcement_learning,2024,5329.0,2.540898016011138
Reinforcement Learning,reinforcement_learning,2025,3008.0,2.434700964005601
Computer Vision,computer_vision,2000,412.0,1.8980926932645352
Computer Vision,computer_vision,2001,379.0,1.8243958794647155
Computer Vision,computer_vision,2002,1656.0,3.557006615688633
Computer Vision,computer_vision,2003,1040.0,2.961612939970384
Computer Vision,computer_vision,2004,755.0,2.2300330812854443
Computer Vision,computer_vision,2005,1183.0,2.870732121623917
Computer Vision,computer_vision,2006,1254.0,2.7652208427969747
Computer Vision,computer_vision,2007,1185.0,2.6198266713830916
Computer Vision,computer_vision,2008,1207.0,2.5210961650931574
Computer Vision,computer_vision,2009,1337.0,2.5613026819923372
Computer Vision,computer_vision,2010,1652.0,3.0055489857181845
Computer Vision,computer_vision,2011,1592.0,2.795630948617989
Computer Vision,computer_vision,2012,1678.0,2.7700739566825145
Computer Vision,computer_vision,2013,1662.0,2.624431531076301
Computer Vision,computer_vision,2014,1794.0,2.5779566029601955
Computer Vision,computer_vision,2015,1903.0,2.777493979420565
Computer Vision,computer_vision,2016,2167.0,2.8244095719722644
Computer Vision,computer_vision,2017,2444.0,2.890255439924314
Computer Vision,computer_vision,2018,3007.0,3.0230828004986527
Computer Vision,computer_vision,2019,3589.0,3.156108199373879
Computer Vision,computer_vision,2020,3978.0,3.1040052435684355
Computer Vision,computer_vision,2021,4959.0,3.392439354759266
Computer Vision,computer_vision,2022,5491.0,3.499971316935119
Computer Vision,computer_vision,2023,6453.0,3.4786874464288604
Computer Vision,computer_vision,2024,7702.0,3.672358138359502
Computer Vision,computer_vision,2025,4197.0,3.397087747982549
Diffusion,diffusion,2000,0.0,0.0
Diffusion,diffusion,2001,1.0,0.00481370944449793
Diffusion,diffusion,2002,2.0,0.00429590170976888
Diffusion,diffusion,2003,1.0,0.0028477047499715228
Diffusion,diffusion,2004,1.0,0.002953686200378072
Diffusion,diffusion,2005,1.0,0.0024266543716178505
Diffusion,diffusion,2006,1.0,0.002205120289311782
Diffusion,diffusion,2007,1.0,0.0022108241952599928
Diffusion,diffusion,2008,2.0,0.004177458434288578
Diffusion,diffusion,2009,2.0,0.0038314176245210726
Diffusion,diffusion,2010,0.0,0.0
Diffusion,diffusion,2011,1.0,0.0017560495908404453
Diffusion,diffusion,2012,2.0,0.003301637612255679
Diffusion,diffusion,2013,0.0,0.0
Diffusion,diffusion,2014,6.0,0.008621928437993965
Diffusion,diffusion,2015,4.0,0.005838137634094724
Diffusion,diffusion,2016,2.0,0.002606746259319118
Diffusion,diffusion,2017,7.0,0.008278145695364239
Diffusion,diffusion,2018,3.0,0.0030160453613222345
Diffusion,diffusion,2019,2.0,0.0017587674557669984
Diffusion,diffusion,2020,7.0,0.005462050453740334
Diffusion,diffusion,2021,11.0,0.007525072172283107
Diffusion,diffusion,2022,42.0,0.026770860555686577
Diffusion,diffusion,2023,369.0,0.19892076053498364
Diffusion,diffusion,2024,699.0,0.3332872421076723
Diffusion,diffusion,2025,345.0,0.2792459549806956
Prompting,prompting,2000,1.0,0.004607021100156638
Prompting,prompting,2001,1.0,0.00481370944449793
Prompting,prompting,2002,3.0,0.0064438525646533205
Prompting,prompting,2003,2.0,0.0056954094999430455
Prompting,prompting,2004,2.0,0.005907372400756144
Prompting,prompting,2005,4.0,0.009706617486471402
Prompting,prompting,2006,3.0,0.006615360867935346
Prompting,prompting,2007,5.0,0.011054120976299965
Prompting,prompting,2008,3.0,0.006266187651432868
Prompting,prompting,2009,2.0,0.0038314176245210726
Prompting,prompting,2010,3.0,0.005458018739197671
Prompting,prompting,2011,3.0,0.005268148772521336
Prompting,prompting,2012,3.0,0.004952456418383518
Prompting,prompting,2013,2.0,0.0031581606872157653
Prompting,prompting,2014,4.0,0.005747952291995977
Prompting,prompting,2015,2.0,0.002919068817047362
Prompting,prompting,2016,8.0,0.010426985037276472
Prompting,prompting,2017,5.0,0.005912961210974456
Prompting,prompting,2018,4.0,0.004021393815096312
Prompting,prompting,2019,11.0,0.009673221006718491
Prompting,prompting,2020,6.0,0.004681757531777429
Prompting,prompting,2021,68.0,0.046518627974113755
Prompting,prompting,2022,425.0,0.2708956127658761
Prompting,prompting,2023,1240.0,0.668460008301842
Prompting,prompting,2024,1702.0,0.8115234421563065
Prompting,prompting,2025,1044.0,0.8450225420285398
