topic_bucket,conference_count,field_count,conference_share,field_share,enrichment,field_growth,quadrant
NLP,7208,68686,54.42053605134013,23.068810790477727,2.359052512312584,4.423428645028336,Frontier-selected
Core ML / Deep Learning,2238,126769,16.896942242355607,42.576508678596376,0.39686068131861324,3.0153180153180155,Low signal
ML Theory & Optimization,1115,29787,8.418271045677614,10.0042318233113,0.8414710089046347,3.052049180327869,Conference niche
Reinforcement Learning,849,6087,6.409966024915062,2.0443736901499276,3.135417979501084,5.435714285714286,Frontier-selected
Computer Vision,731,19913,5.519063797659494,6.6879601268203555,0.8252237891680453,3.7924204913349837,Conference niche
Healthcare AI,453,14122,3.420158550396376,4.743000698586705,0.7210959406806533,6.696538643907065,Mainstream boom
AI Ethics & Fairness,427,12546,3.223858059645149,4.213686925681122,0.7650919768141123,24.08253358925144,Frontier-selected
Robotics,162,17962,1.2231030577576445,6.032699231554624,0.20274557222413545,1.4273341279300755,Low signal
Search & Recommender,62,1872,0.46810117025292564,0.6287280348218603,0.7445209125843328,14.51937984496124,Mainstream boom
