year,term,count,score
2000,Neural Networks and Applications,2353.0,0.10840320648668571
2000,Natural Language Processing Techniques,1775.0,0.08177462452778034
2000,"Logic, programming, and type systems",1207.0,0.05560674467889063
2000,Geochemistry and Geologic Mapping,1125.0,0.051828987376762184
2000,Semantic Web and Ontologies,940.0,0.043305998341472404
2000,Quantum Information and Cryptography,834.0,0.03842255597530637
2000,Educational Robotics and Engineering,808.0,0.03722473048926564
2000,"Logic, Reasoning, and Knowledge",779.0,0.035888694370220214
2000,Fuzzy Logic and Control Systems,683.0,0.03146595411406984
2000,Speech Recognition and Synthesis,638.0,0.029392794618999355
2000,Algorithms and Data Compression,625.0,0.02879388187597899
2000,Speech and dialogue systems,564.0,0.025983599004883444
2000,Multi-Agent Systems and Negotiation,539.0,0.02483184372984428
2000,Coding theory and cryptography,502.0,0.023127245922786328
2000,Evolutionary Algorithms and Applications,481.0,0.02215977149175343
2000,Advanced Software Engineering Methodologie,457.0,0.021054086427715838
2000,Linguistic Studies and Language Acquisitio,445.0,0.020501243895697043
2000,Quantum Computing Algorithms and Architect,438.0,0.020178752418686077
2000,AI-based Problem Solving and Planning,425.0,0.019579839675665716
2000,Bayesian Methods and Mixture Models,418.0,0.01925734819865475
2000,Bayesian Modeling and Causal Inference,373.0,0.017184188703584263
2000,Target Tracking and Data Fusion in Sensor ,325.0,0.014972818575509075
2000,Advanced Computational Techniques and Appl,324.0,0.01492674836450751
2000,Cryptography and Data Security,320.0,0.014742467520501243
2001,Neural Networks and Applications,2028.0,0.0001
2001,Natural Language Processing Techniques,1339.0,0.0001
2001,"Logic, programming, and type systems",1250.0,0.004564623377333495
2001,Quantum Information and Cryptography,988.0,0.009136893336333184
2001,Geochemistry and Geologic Mapping,919.0,0.0001
2001,Educational Robotics and Engineering,909.0,0.006531888361220546
2001,Semantic Web and Ontologies,904.0,0.0002099350367888858
2001,"Logic, Reasoning, and Knowledge",848.0,0.004931561719122235
2001,Multi-Agent Systems and Negotiation,687.0,0.0082383401538565
2001,Coding theory and cryptography,673.0,0.009269018638684744
2001,Fuzzy Logic and Control Systems,630.0,0.0001
2001,Quantum Computing Algorithms and Architect,502.0,0.003986068992693534
2001,Advanced Software Engineering Methodologie,445.0,0.00036692060029995185
2001,Linguistic Studies and Language Acquisitio,432.0,0.0002939809045340164
2001,Bayesian Modeling and Causal Inference,387.0,0.0014448668466227263
2001,Cryptography and Data Security,364.0,0.0027794348574712215
2001,Computational Physics and Python Applicati,319.0,0.002317863414505109
2001,Machine Learning and Algorithms,275.0,0.0019044290659839761
2001,Cognitive Science and Mapping,263.0,0.0015571349876520573
2001,Metaheuristic Optimization Algorithms Rese,241.0,0.0005441891208640779
2001,Artificial Intelligence in Games,168.0,0.000577587473501201
2001,Reinforcement Learning in Robotics,160.0,0.0024960012680196866
2001,Cryptographic Implementations and Security,155.0,0.0017946136857791258
2001,Advanced Text Analysis Techniques,150.0,0.0008168048375291675
2002,Neural Networks and Applications,8165.0,0.072249302178904
2002,Fuzzy Logic and Control Systems,3167.0,0.037116940674001904
2002,Speech Recognition and Synthesis,2200.0,0.02244324272459516
2002,Natural Language Processing Techniques,2192.0,0.0001
2002,Algorithms and Data Compression,1922.0,0.012705461005266885
2002,"Logic, programming, and type systems",1896.0,0.0001
2002,Advanced Software Engineering Methodologie,1797.0,0.01736515520502292
2002,Semantic Web and Ontologies,1708.0,0.0001
2002,Coding theory and cryptography,1499.0,0.004537707985150904
2002,Multi-Agent Systems and Negotiation,1331.0,0.0001
2002,Quantum Information and Cryptography,1300.0,0.0001
2002,"Logic, Reasoning, and Knowledge",1241.0,0.0001
2002,AI-based Problem Solving and Planning,1234.0,0.0073908359598201315
2002,Target Tracking and Data Fusion in Sensor ,1216.0,0.01168876224473566
2002,Evolutionary Algorithms and Applications,1188.0,0.003318974423447113
2002,Educational Robotics and Engineering,1014.0,0.0001
2002,Geochemistry and Geologic Mapping,981.0,0.0001
2002,Speech and dialogue systems,934.0,0.0001
2002,Metaheuristic Optimization Algorithms Rese,803.0,0.005925069846831282
2002,Advanced Computational Techniques and Appl,730.0,0.0018382333310518941
2002,Quantum Computing Algorithms and Architect,713.0,0.0001
2002,Bayesian Modeling and Causal Inference,658.0,0.0001
2002,Security and Verification in Computing,489.0,0.004618357269838774
2002,Reinforcement Learning in Robotics,374.0,0.0016067825249514228
2003,Neural Networks and Applications,4439.0,0.0001
2003,Natural Language Processing Techniques,1851.0,0.0001
2003,Semantic Web and Ontologies,1665.0,0.007520308616429695
2003,Quantum Information and Cryptography,1588.0,0.010157083124592486
2003,"Logic, programming, and type systems",1519.0,0.0001
2003,Fuzzy Logic and Control Systems,1320.0,0.0001
2003,Educational Robotics and Engineering,1214.0,0.0038981494568282385
2003,Advanced Software Engineering Methodologie,1183.0,0.003374766168756857
2003,Algorithms and Data Compression,1178.0,0.0001
2003,Multi-Agent Systems and Negotiation,1125.0,0.0033179579196361657
2003,Evolutionary Algorithms and Applications,1086.0,0.006991934584735664
2003,Target Tracking and Data Fusion in Sensor ,818.0,0.0027519722827737056
2003,Quantum Computing Algorithms and Architect,705.0,0.0015107944296147077
2003,Bayesian Modeling and Causal Inference,631.0,0.002042874737718574
2003,Linguistic Studies and Language Acquisitio,624.0,0.0018435354052205692
2003,Metaheuristic Optimization Algorithms Rese,602.0,0.002722049569984685
2003,Cryptography and Data Security,602.0,0.0022840245014730722
2003,Advanced Computational Techniques and Appl,597.0,0.0021977963240400883
2003,Security and Verification in Computing,365.0,0.002094108859701644
2003,AI in cancer detection,361.0,0.0012276960648238567
2003,Cryptographic Implementations and Security,347.0,0.0035919447550549436
2003,Reinforcement Learning in Robotics,299.0,0.001247913629927321
2003,Seismology and Earthquake Studies,285.0,0.0002315073042098003
2003,Topic Modeling,269.0,0.0018312229426150047
2004,Neural Networks and Applications,2659.0,0.0001
2004,Natural Language Processing Techniques,2264.0,0.009224377800929676
2004,Semantic Web and Ontologies,2035.0,0.018086443232400898
2004,Educational Robotics and Engineering,1746.0,0.019795795622683875
2004,Quantum Information and Cryptography,1689.0,0.01195039282599012
2004,Advanced Software Engineering Methodologie,1361.0,0.008931546241079447
2004,"Logic, programming, and type systems",1233.0,0.0001
2004,Multi-Agent Systems and Negotiation,1130.0,0.0037194596574160986
2004,Algorithms and Data Compression,1034.0,0.0001
2004,Geochemistry and Geologic Mapping,981.0,0.0001
2004,Evolutionary Algorithms and Applications,976.0,0.002916191762497123
2004,Cryptography and Data Security,812.0,0.008478744757173686
2004,Quantum Computing Algorithms and Architect,775.0,0.003898220575644148
2004,Speech and dialogue systems,737.0,0.0008104870016642819
2004,Metaheuristic Optimization Algorithms Rese,684.0,0.005012157485835705
2004,Linguistic Studies and Language Acquisitio,682.0,0.003696559501244343
2004,Advanced Computational Techniques and Appl,564.0,0.0012341494071965685
2004,Computational Physics and Python Applicati,403.0,0.0015128663096191253
2004,Cryptographic Implementations and Security,360.0,0.0033277093960437047
2004,Intelligent Tutoring Systems and Adaptive ,342.0,0.0015717401901760523
2004,Security and Verification in Computing,319.0,0.0005299334427668455
2004,Text and Document Classification Technolog,318.0,0.004052494009721116
2004,Advanced Clustering Algorithms Research,304.0,0.003195972593385437
2004,Topic Modeling,301.0,0.0025435370186505935
2005,Neural Networks and Applications,3679.0,0.0001
2005,Semantic Web and Ontologies,2341.0,0.01091156853123506
2005,Quantum Information and Cryptography,2159.0,0.011893518412316527
2005,Natural Language Processing Techniques,2158.0,0.0001
2005,Educational Robotics and Engineering,2043.0,0.013559385124238148
2005,"Logic, programming, and type systems",1846.0,0.0001
2005,Advanced Software Engineering Methodologie,1558.0,0.004625410900398988
2005,Speech Recognition and Synthesis,1331.0,0.0001
2005,Geochemistry and Geologic Mapping,1265.0,0.0001
2005,Algorithms and Data Compression,1252.0,0.0001
2005,Fuzzy Logic and Control Systems,1225.0,0.0001
2005,Target Tracking and Data Fusion in Sensor ,1077.0,0.004889307873955053
2005,Cryptography and Data Security,1026.0,0.007575566101292893
2005,Quantum Computing Algorithms and Architect,843.0,0.0006285863836229914
2005,Metaheuristic Optimization Algorithms Rese,834.0,0.003973298218748089
2005,Advanced Computational Techniques and Appl,752.0,0.0025593618405932717
2005,Bayesian Methods and Mixture Models,636.0,0.0003709933239188744
2005,AI in cancer detection,487.0,0.002406890886786679
2005,Cryptographic Implementations and Security,475.0,0.003508026927531001
2005,Security and Verification in Computing,444.0,0.0017684722896349203
2005,Text and Document Classification Technolog,368.0,0.0027215416848399027
2005,Advanced Clustering Algorithms Research,350.0,0.00202526336531743
2005,Topic Modeling,339.0,0.0013343022213591167
2005,Internet Traffic Analysis and Secure E-vot,336.0,0.0021158897098500938
2006,Neural Networks and Applications,3564.0,0.0001
2006,Natural Language Processing Techniques,2841.0,0.004524917636949635
2006,Semantic Web and Ontologies,2835.0,0.014361639167137577
2006,Quantum Information and Cryptography,2346.0,0.008773940707544337
2006,Educational Robotics and Engineering,1931.0,0.003758884703264208
2006,Advanced Software Engineering Methodologie,1669.0,0.0026648048028005827
2006,Multi-Agent Systems and Negotiation,1376.0,0.00029983833598214854
2006,Target Tracking and Data Fusion in Sensor ,1216.0,0.004557126027889363
2006,Evolutionary Algorithms and Applications,1202.0,0.0003079824165779996
2006,Cryptography and Data Security,1128.0,0.005984806623246557
2006,Metaheuristic Optimization Algorithms Rese,1086.0,0.006860711147238751
2006,Quantum Computing Algorithms and Architect,970.0,0.0014315307034816552
2006,Advanced Computational Techniques and Appl,905.0,0.0037378432087433223
2006,Linguistic Studies and Language Acquisitio,802.0,0.0008340931666480193
2006,Bayesian Methods and Mixture Models,718.0,0.0006934934342572464
2006,Cryptographic Implementations and Security,593.0,0.0043321296407818795
2006,Advanced Clustering Algorithms Research,510.0,0.0043591510174669276
2006,AI in cancer detection,490.0,0.0008962964933291028
2006,Topic Modeling,479.0,0.003394463219289534
2006,Internet Traffic Analysis and Secure E-vot,463.0,0.003734355940351833
2006,Advanced Text Analysis Techniques,460.0,0.003191335397625685
2006,Security and Verification in Computing,459.0,0.0007498119609372581
2006,Text and Document Classification Technolog,451.0,0.0031735820413316728
2006,Intelligent Tutoring Systems and Adaptive ,430.0,0.0007327639172663419
2007,Semantic Web and Ontologies,3048.0,0.01656937297336867
2007,Neural Networks and Applications,2751.0,0.0001
2007,Quantum Information and Cryptography,2627.0,0.013493249837361242
2007,Natural Language Processing Techniques,2516.0,0.0001
2007,Educational Robotics and Engineering,1991.0,0.004498525077266231
2007,Advanced Software Engineering Methodologie,1566.0,0.0001
2007,"Logic, programming, and type systems",1552.0,0.0001
2007,Cryptography and Data Security,1462.0,0.012323558174958532
2007,Multi-Agent Systems and Negotiation,1227.0,0.0001
2007,Evolutionary Algorithms and Applications,1215.0,0.0006068424318022882
2007,Metaheuristic Optimization Algorithms Rese,1103.0,0.006026338511574171
2007,Target Tracking and Data Fusion in Sensor ,1062.0,0.00037680465831344684
2007,Quantum Computing Algorithms and Architect,986.0,0.0015751468362742195
2007,Advanced Computational Techniques and Appl,897.0,0.0029195027041267405
2007,Bayesian Modeling and Causal Inference,784.0,0.0010100694793289747
2007,Bayesian Methods and Mixture Models,713.0,0.0004953142582518506
2007,Cryptographic Implementations and Security,647.0,0.004756507539856611
2007,Security and Verification in Computing,526.0,0.0021182101458323953
2007,Advanced Clustering Algorithms Research,518.0,0.0037568050674035187
2007,Internet Traffic Analysis and Secure E-vot,514.0,0.004195837078371854
2007,Topic Modeling,483.0,0.002880794703950364
2007,AI in cancer detection,476.0,0.0004485331871832872
2007,Artificial Intelligence in Games,455.0,0.0027074513919665743
2007,Text and Document Classification Technolog,436.0,0.0022792170432582018
2008,Semantic Web and Ontologies,3502.0,0.01974458218981058
2008,Natural Language Processing Techniques,3010.0,0.004430042460839688
2008,Neural Networks and Applications,2890.0,0.0001
2008,Quantum Information and Cryptography,2668.0,0.009036152027257223
2008,Educational Robotics and Engineering,1877.0,0.0001
2008,Advanced Software Engineering Methodologie,1620.0,0.0001
2008,"Logic, programming, and type systems",1417.0,0.0001
2008,Metaheuristic Optimization Algorithms Rese,1319.0,0.00825068827302827
2008,Cryptography and Data Security,1316.0,0.005565510023040003
2008,Speech Recognition and Synthesis,1284.0,0.0001
2008,Advanced Computational Techniques and Appl,1154.0,0.006736665550457831
2008,Target Tracking and Data Fusion in Sensor ,1118.0,0.00019103225457175327
2008,Quantum Computing Algorithms and Architect,1035.0,0.00114891696659156
2008,Linguistic Studies and Language Acquisitio,858.0,0.001006066074191108
2008,Bayesian Methods and Mixture Models,795.0,0.0012602258120357878
2008,Cryptographic Implementations and Security,649.0,0.003265926532820018
2008,Advanced Clustering Algorithms Research,578.0,0.003791224222018403
2008,Internet Traffic Analysis and Secure E-vot,575.0,0.0041875027108620125
2008,Topic Modeling,573.0,0.0037212945555490026
2008,AI in cancer detection,556.0,0.0014683368973046514
2008,Security and Verification in Computing,546.0,0.001563123766202993
2008,Text and Document Classification Technolog,513.0,0.0029994616588347785
2008,Advanced Text Analysis Techniques,472.0,0.001994703463938017
2008,Intelligent Tutoring Systems and Adaptive ,471.0,0.0009282603018157792
2009,Semantic Web and Ontologies,3511.0,0.011058400610695795
2009,Natural Language Processing Techniques,3334.0,0.00480092579260457
2009,Neural Networks and Applications,3075.0,0.0001
2009,Quantum Information and Cryptography,2750.0,0.004709687688302239
2009,Educational Robotics and Engineering,1935.0,0.0001
2009,Advanced Computational Techniques and Appl,1731.0,0.0148385139063937
2009,Metaheuristic Optimization Algorithms Rese,1657.0,0.011273848156206433
2009,Advanced Software Engineering Methodologie,1549.0,0.0001
2009,"Logic, programming, and type systems",1549.0,0.0001
2009,Cryptography and Data Security,1501.0,0.0060435352222666765
2009,Geochemistry and Geologic Mapping,1370.0,0.0001
2009,Speech Recognition and Synthesis,1359.0,0.0001
2009,Algorithms and Data Compression,1346.0,0.0001
2009,Linguistic Studies and Language Acquisitio,944.0,0.0010264188019472528
2009,Bayesian Methods and Mixture Models,821.0,0.00020412090311685248
2009,Cryptographic Implementations and Security,746.0,0.003538212976822712
2009,Topic Modeling,725.0,0.0051141534932114
2009,Internet Traffic Analysis and Secure E-vot,692.0,0.004840303362714184
2009,Advanced Clustering Algorithms Research,658.0,0.0037862070463255074
2009,Advanced Text Analysis Techniques,644.0,0.004190253825035219
2009,Security and Verification in Computing,624.0,0.0018910628553595772
2009,Privacy-Preserving Technologies in Data,591.0,0.006915222047463448
2009,Text and Document Classification Technolog,560.0,0.0025869812950925462
2009,Artificial Intelligence in Games,552.0,0.0025196062392762817
2010,Semantic Web and Ontologies,3537.0,0.0066673024093604205
2010,Natural Language Processing Techniques,2971.0,0.0001
2010,Neural Networks and Applications,2935.0,0.0001
2010,Quantum Information and Cryptography,2791.0,0.0021748857136009297
2010,Advanced Computational Techniques and Appl,2136.0,0.018551967910742404
2010,Educational Robotics and Engineering,2072.0,0.0001
2010,Metaheuristic Optimization Algorithms Rese,1902.0,0.012624943060708181
2010,Cryptography and Data Security,1627.0,0.00608023554469329
2010,Advanced Software Engineering Methodologie,1606.0,0.0001
2010,"Logic, programming, and type systems",1561.0,0.0001
2010,Geochemistry and Geologic Mapping,1486.0,0.0001
2010,Target Tracking and Data Fusion in Sensor ,1383.0,0.0021591630794529568
2010,Speech Recognition and Synthesis,1376.0,0.0001
2010,Bayesian Modeling and Causal Inference,948.0,0.0009574609475010189
2010,Cryptographic Implementations and Security,827.0,0.003819234312322811
2010,Internet Traffic Analysis and Secure E-vot,767.0,0.00488986759490849
2010,Privacy-Preserving Technologies in Data,767.0,0.008621842540660195
2010,Advanced Clustering Algorithms Research,709.0,0.003573027652775859
2010,Security and Verification in Computing,701.0,0.00243741702999852
2010,AI in cancer detection,673.0,0.0018920929103946951
2010,Artificial Intelligence in Games,662.0,0.0036515730195480316
2010,Topic Modeling,650.0,0.002366240876555582
2010,Intelligent Tutoring Systems and Adaptive ,612.0,0.0020365471402785107
2010,Text and Document Classification Technolog,605.0,0.002519647003435311
2011,Semantic Web and Ontologies,4033.0,0.012314919197945931
2011,Neural Networks and Applications,2989.0,0.0001
2011,Quantum Information and Cryptography,2929.0,0.002563078291244421
2011,Natural Language Processing Techniques,2602.0,0.0001
2011,Advanced Computational Techniques and Appl,2099.0,0.014258045336173156
2011,Educational Robotics and Engineering,2045.0,0.0001
2011,Cryptography and Data Security,1840.0,0.008039609675621204
2011,Metaheuristic Optimization Algorithms Rese,1714.0,0.006559836604095912
2011,Advanced Software Engineering Methodologie,1617.0,0.0001
2011,Geochemistry and Geologic Mapping,1449.0,0.0001
2011,"Logic, programming, and type systems",1414.0,0.0001
2011,Speech Recognition and Synthesis,1408.0,0.0001
2011,Multi-Agent Systems and Negotiation,1379.0,0.0001
2011,Cryptographic Implementations and Security,946.0,0.004913614574421752
2011,Bayesian Methods and Mixture Models,917.0,0.0005535287686750361
2011,Internet Traffic Analysis and Secure E-vot,763.0,0.0037299917369233125
2011,Privacy-Preserving Technologies in Data,745.0,0.006684749116763712
2011,Anomaly Detection Techniques and Applicati,706.0,0.00549633680548581
2011,Security and Verification in Computing,705.0,0.0017628251452235615
2011,Advanced Clustering Algorithms Research,702.0,0.002559889295807938
2011,Artificial Intelligence in Games,697.0,0.003396016597602535
2011,Topic Modeling,682.0,0.002224415407978915
2011,AI in cancer detection,675.0,0.0012674823286495593
2011,Advanced Text Analysis Techniques,660.0,0.0026563580756254757
2012,Semantic Web and Ontologies,3516.0,0.0001
2012,Natural Language Processing Techniques,3308.0,0.0001
2012,Quantum Information and Cryptography,2965.0,0.0001
2012,Neural Networks and Applications,2659.0,0.0001
2012,Educational Robotics and Engineering,2148.0,0.0001
2012,Metaheuristic Optimization Algorithms Rese,2025.0,0.009145772235749122
2012,Advanced Computational Techniques and Appl,2018.0,0.009093987252092178
2012,Cryptography and Data Security,1900.0,0.006181464527684765
2012,Advanced Software Engineering Methodologie,1644.0,0.0001
2012,"Logic, programming, and type systems",1535.0,0.0001
2012,Speech Recognition and Synthesis,1464.0,0.0001
2012,Bayesian Modeling and Causal Inference,1210.0,0.00356548917775059
2012,Cryptographic Implementations and Security,1097.0,0.0058532370986028905
2012,Bayesian Methods and Mixture Models,1003.0,0.0009454484087160139
2012,Privacy-Preserving Technologies in Data,937.0,0.008311720745159536
2012,Topic Modeling,868.0,0.004324822533581527
2012,Internet Traffic Analysis and Secure E-vot,858.0,0.004072053695407238
2012,Artificial Intelligence in Games,800.0,0.003977498165674269
2012,Advanced Clustering Algorithms Research,799.0,0.00313194965157694
2012,Advanced Text Analysis Techniques,783.0,0.0036908803124351616
2012,AI in cancer detection,769.0,0.0019651016302334214
2012,Security and Verification in Computing,730.0,0.0012335953382820574
2012,Anomaly Detection Techniques and Applicati,702.0,0.004063612751920968
2012,Text and Document Classification Technolog,696.0,0.002449970720218202
2013,Semantic Web and Ontologies,3600.0,0.0001
2013,Quantum Information and Cryptography,3227.0,0.0018176687214683726
2013,Natural Language Processing Techniques,3194.0,0.0001
2013,Neural Networks and Applications,2665.0,0.0001
2013,Educational Robotics and Engineering,2263.0,0.0001
2013,Cryptography and Data Security,2185.0,0.008652962144049904
2013,Metaheuristic Optimization Algorithms Rese,1956.0,0.005618345179954364
2013,Advanced Computational Techniques and Appl,1901.0,0.004819201461575207
2013,Bayesian Modeling and Causal Inference,1641.0,0.009119225248981608
2013,Target Tracking and Data Fusion in Sensor ,1491.0,0.00026722484058289836
2013,Quantum Computing Algorithms and Architect,1343.0,0.0013248025573070754
2013,Bayesian Methods and Mixture Models,1139.0,0.0022716197614378493
2013,Topic Modeling,1012.0,0.005510150233124501
2013,Privacy-Preserving Technologies in Data,996.0,0.007675872763353539
2013,Cryptographic Implementations and Security,935.0,0.0018776612005351346
2013,Advanced Text Analysis Techniques,840.0,0.0036316723409661224
2013,Internet Traffic Analysis and Secure E-vot,831.0,0.0025915554265640746
2013,Anomaly Detection Techniques and Applicati,802.0,0.004701367756504475
2013,AI in cancer detection,799.0,0.0016754815445634806
2013,Security and Verification in Computing,763.0,0.001098121534889621
2013,Solar Radiation and Photovoltaics,763.0,0.0054440843594809425
2013,Artificial Intelligence in Games,753.0,0.002232977401297201
2013,Advanced Clustering Algorithms Research,753.0,0.0014950172653702774
2013,Sentiment Analysis and Opinion Mining,723.0,0.007835421453545663
2014,Natural Language Processing Techniques,4745.0,0.011679375956419852
2014,Semantic Web and Ontologies,3634.0,0.0001
2014,Quantum Information and Cryptography,3254.0,0.0001
2014,Neural Networks and Applications,2754.0,0.0001
2014,Geochemistry and Geologic Mapping,2686.0,0.010965561089811535
2014,Cryptography and Data Security,2298.0,0.00629624837058862
2014,Educational Robotics and Engineering,2270.0,0.0001
2014,Metaheuristic Optimization Algorithms Rese,2240.0,0.0063514156731368995
2014,Speech Recognition and Synthesis,1687.0,0.0001
2014,Advanced Computational Techniques and Appl,1633.0,0.0001
2014,"Logic, programming, and type systems",1613.0,0.0001
2014,Quantum Computing Algorithms and Architect,1438.0,0.0006475544963198653
2014,Topic Modeling,1331.0,0.008098468345636167
2014,Bayesian Methods and Mixture Models,1147.0,0.0005382298885939774
2014,Sentiment Analysis and Opinion Mining,1129.0,0.011849217658119731
2014,Privacy-Preserving Technologies in Data,1128.0,0.0073805581862350315
2014,Cryptographic Implementations and Security,1062.0,0.002184029182099749
2014,Solar Radiation and Photovoltaics,967.0,0.00674036268183151
2014,Advanced Text Analysis Techniques,947.0,0.00360810124510922
2014,Anomaly Detection Techniques and Applicati,920.0,0.004781593091362229
2014,Artificial Intelligence in Games,872.0,0.0026470315718290435
2014,Advanced Clustering Algorithms Research,871.0,0.0019693928786379093
2014,AI in cancer detection,849.0,0.0010890774524605802
2014,Internet Traffic Analysis and Secure E-vot,833.0,0.0011772087431416271
2015,Natural Language Processing Techniques,4079.0,0.0018597196577724365
2015,Semantic Web and Ontologies,3392.0,0.0001
2015,Quantum Information and Cryptography,3094.0,0.0001
2015,Neural Networks and Applications,2598.0,0.0001
2015,Cryptography and Data Security,2571.0,0.010168704899264046
2015,Educational Robotics and Engineering,2237.0,0.0001
2015,Metaheuristic Optimization Algorithms Rese,2042.0,0.003330866605447281
2015,Geochemistry and Geologic Mapping,1996.0,0.0004028327268877259
2015,Topic Modeling,1825.0,0.014798089886846631
2015,Speech Recognition and Synthesis,1661.0,0.0001
2015,Coding theory and cryptography,1577.0,0.0001
2015,Target Tracking and Data Fusion in Sensor ,1535.0,0.0001
2015,Sentiment Analysis and Opinion Mining,1384.0,0.014639598429538759
2015,Privacy-Preserving Technologies in Data,1254.0,0.008735179180242983
2015,Bayesian Methods and Mixture Models,1142.0,0.0006699885748790817
2015,Cryptographic Implementations and Security,1120.0,0.003051403233907665
2015,Anomaly Detection Techniques and Applicati,1081.0,0.006860283390838431
2015,Advanced Text Analysis Techniques,969.0,0.003781580224330009
2015,AI in cancer detection,952.0,0.002674811263834913
2015,Solar Radiation and Photovoltaics,929.0,0.00572912437623223
2015,Internet Traffic Analysis and Secure E-vot,842.0,0.001378551796158872
2015,Security and Verification in Computing,834.0,0.0010359804112588331
2015,Text and Document Classification Technolog,815.0,0.002253033006598907
2015,Artificial Intelligence in Games,797.0,0.0014840452300023052
2016,Natural Language Processing Techniques,4949.0,0.006662423946640204
2016,Quantum Information and Cryptography,3308.0,0.0001
2016,Semantic Web and Ontologies,3289.0,0.0001
2016,Neural Networks and Applications,2911.0,0.0001
2016,Cryptography and Data Security,2644.0,0.006193092318872509
2016,Topic Modeling,2549.0,0.02005712745480519
2016,Geochemistry and Geologic Mapping,2397.0,0.0024762443425829193
2016,Educational Robotics and Engineering,2335.0,0.0001
2016,Metaheuristic Optimization Algorithms Rese,2204.0,0.0019547273470884273
2016,Speech Recognition and Synthesis,1890.0,0.0001
2016,Sentiment Analysis and Opinion Mining,1701.0,0.01529679583903544
2016,Coding theory and cryptography,1623.0,0.0001
2016,Linguistic Studies and Language Acquisitio,1429.0,0.0020932575456593175
2016,Privacy-Preserving Technologies in Data,1392.0,0.007791995460342826
2016,Anomaly Detection Techniques and Applicati,1365.0,0.008258368179200656
2016,Edcuational Technology Systems,1360.0,0.014109716279853766
2016,Cryptographic Implementations and Security,1181.0,0.0018237329500693008
2016,AI in cancer detection,1173.0,0.0038286705561573087
2016,Solar Radiation and Photovoltaics,1113.0,0.006162670108762966
2016,Advanced Text Analysis Techniques,1042.0,0.002880618810770853
2016,Advanced Clustering Algorithms Research,965.0,0.0017748997246425265
2016,Internet Traffic Analysis and Secure E-vot,928.0,0.0010609137897016653
2016,Security and Verification in Computing,890.0,0.0003705532226453978
2016,Computer Science and Engineering,879.0,0.009034530756664425
2017,Natural Language Processing Techniques,4864.0,0.0001
2017,Quantum Information and Cryptography,3448.0,0.0001
2017,Topic Modeling,3313.0,0.024182576570685857
2017,Semantic Web and Ontologies,3183.0,0.0001
2017,Neural Networks and Applications,3127.0,0.0001
2017,Cryptography and Data Security,2804.0,0.004326476597709558
2017,Geochemistry and Geologic Mapping,2686.0,0.0027727819973016044
2017,Educational Robotics and Engineering,2443.0,0.0001
2017,Metaheuristic Optimization Algorithms Rese,2302.0,0.0002732259446000078
2017,Sentiment Analysis and Opinion Mining,2014.0,0.015547507529612495
2017,Edcuational Technology Systems,1861.0,0.017103922976605297
2017,Speech Recognition and Synthesis,1822.0,0.0001
2017,Coding theory and cryptography,1779.0,0.0001
2017,Quantum Computing Algorithms and Architect,1673.0,0.0001
2017,Anomaly Detection Techniques and Applicati,1649.0,0.00921443228110877
2017,Privacy-Preserving Technologies in Data,1639.0,0.008320460936506374
2017,AI in cancer detection,1399.0,0.00473508125523792
2017,Cryptographic Implementations and Security,1227.0,0.0007748294653806137
2017,Solar Radiation and Photovoltaics,1225.0,0.005580342492675085
2017,Advanced Text Analysis Techniques,1200.0,0.003227629622092552
2017,Computer Science and Engineering,1053.0,0.009205888984353688
2017,Advanced Clustering Algorithms Research,1004.0,0.0009085590848746401
2017,Security and Verification in Computing,1003.0,0.0005981077909555915
2017,Computational Physics and Python Applicati,958.0,0.001422247750122051
2018,Natural Language Processing Techniques,5781.0,0.0001
2018,Topic Modeling,5276.0,0.035834986757788186
2018,Neural Networks and Applications,3718.0,0.0001
2018,Quantum Information and Cryptography,3393.0,0.0001
2018,Semantic Web and Ontologies,3081.0,0.0001
2018,Geochemistry and Geologic Mapping,2995.0,0.0008650846963893614
2018,Cryptography and Data Security,2949.0,0.0004188392565633234
2018,Edcuational Technology Systems,2703.0,0.0207070059702629
2018,Sentiment Analysis and Opinion Mining,2670.0,0.017151729017201925
2018,Metaheuristic Optimization Algorithms Rese,2471.0,0.0001
2018,Speech Recognition and Synthesis,2255.0,0.0001
2018,Anomaly Detection Techniques and Applicati,2161.0,0.01059678878413518
2018,Educational Robotics and Engineering,2065.0,0.0001
2018,Privacy-Preserving Technologies in Data,2051.0,0.008796909951634074
2018,Quantum Computing Algorithms and Architect,1973.0,0.0001
2018,AI in cancer detection,1876.0,0.006618126065723122
2018,Solar Radiation and Photovoltaics,1454.0,0.005201263260852445
2018,Reinforcement Learning in Robotics,1444.0,0.006097401128478697
2018,Advanced Text Analysis Techniques,1330.0,0.0021126243419922874
2018,Computer Science and Engineering,1243.0,0.008408177375227581
2018,Adversarial Robustness in Machine Learning,1213.0,0.0111376685953451
2018,Security and Verification in Computing,1178.0,0.0005250402462522157
2018,Domain Adaptation and Few-Shot Learning,1145.0,0.008719042813404677
2018,Text and Document Classification Technolog,1138.0,0.0013984689789988975
2019,Topic Modeling,7302.0,0.04352636415055125
2019,Natural Language Processing Techniques,6071.0,0.0001
2019,Quantum Information and Cryptography,3916.0,0.0001
2019,Neural Networks and Applications,3798.0,0.0001
2019,Geochemistry and Geologic Mapping,3573.0,0.00209129239625961
2019,Edcuational Technology Systems,3500.0,0.022300529044459172
2019,Cryptography and Data Security,3116.0,0.0001
2019,Sentiment Analysis and Opinion Mining,2848.0,0.01368859907034362
2019,Semantic Web and Ontologies,2828.0,0.0001
2019,Anomaly Detection Techniques and Applicati,2731.0,0.011858389568168306
2019,Quantum Computing Algorithms and Architect,2565.0,0.0026410301970506665
2019,Metaheuristic Optimization Algorithms Rese,2511.0,0.0001
2019,AI in cancer detection,2479.0,0.008915191230770394
2019,Privacy-Preserving Technologies in Data,2413.0,0.008542694931557897
2019,Reinforcement Learning in Robotics,2227.0,0.010572079175491585
2019,Adversarial Robustness in Machine Learning,2130.0,0.016592365225662018
2019,Domain Adaptation and Few-Shot Learning,1918.0,0.013227895058934092
2019,Solar Radiation and Photovoltaics,1588.0,0.0040431459438481695
2019,Advanced Graph Neural Networks,1524.0,0.011029049737571827
2019,Advanced Text Analysis Techniques,1396.0,0.0008125827136302929
2019,Computer Science and Engineering,1358.0,0.007037419616287774
2019,Hate Speech and Cyberbullying Detection,1323.0,0.007384559541382552
2019,Organizational and Employee Performance,1296.0,0.008307639957650447
2019,Machine Learning and Data Classification,1283.0,0.005516036671401847
2020,Topic Modeling,8901.0,0.04441921488235631
2020,Natural Language Processing Techniques,6226.0,0.0001
2020,Edcuational Technology Systems,4189.0,0.02198067517446682
2020,Quantum Information and Cryptography,3966.0,0.0001
2020,Neural Networks and Applications,3892.0,0.0001
2020,Privacy-Preserving Technologies in Data,3433.0,0.013257179150298915
2020,Anomaly Detection Techniques and Applicati,3387.0,0.013086250331018207
2020,Quantum Computing Algorithms and Architect,3313.0,0.005672094751164789
2020,Sentiment Analysis and Opinion Mining,3303.0,0.01304929105729296
2020,Adversarial Robustness in Machine Learning,3284.0,0.021828681234098937
2020,AI in cancer detection,3065.0,0.010140590669319341
2020,Domain Adaptation and Few-Shot Learning,2894.0,0.017621483462791958
2020,Reinforcement Learning in Robotics,2556.0,0.009876306251433794
2020,Advanced Graph Neural Networks,2205.0,0.013730863449506747
2020,Hate Speech and Cyberbullying Detection,1803.0,0.009081253181048212
2020,Solar Radiation and Photovoltaics,1778.0,0.003548217337380555
2020,Organizational and Employee Performance,1556.0,0.00822222501232241
2020,Computer Science and Engineering,1488.0,0.006003086631423503
2020,Machine Learning and Data Classification,1471.0,0.005160582688632048
2020,Educational Technology and Pedagogy,1392.0,0.007681390334207425
2020,Imbalanced Data Classification Techniques,1389.0,0.004591025081341056
2020,Machine Learning in Healthcare,1339.0,0.006869859926948069
2020,Explainable Artificial Intelligence (XAI),1339.0,0.008893119949684487
2020,Computational Physics and Python Applicati,1311.0,0.00010367623730279073
2021,Topic Modeling,11233.0,0.04731494762239992
2021,Natural Language Processing Techniques,6566.0,0.0001
2021,Edcuational Technology Systems,4828.0,0.020098066096171888
2021,Privacy-Preserving Technologies in Data,4707.0,0.0173286127151909
2021,Quantum Information and Cryptography,4636.0,0.0001
2021,Quantum Computing Algorithms and Architect,4580.0,0.010578659008450918
2021,Anomaly Detection Techniques and Applicati,4328.0,0.014941186603196885
2021,Domain Adaptation and Few-Shot Learning,4255.0,0.022364923577366073
2021,Adversarial Robustness in Machine Learning,4181.0,0.02259699370166865
2021,Sentiment Analysis and Opinion Mining,3824.0,0.012115562278246913
2021,AI in cancer detection,3646.0,0.010140615455166594
2021,Reinforcement Learning in Robotics,3182.0,0.010700554370857446
2021,Advanced Graph Neural Networks,2980.0,0.01552199565614453
2021,Hate Speech and Cyberbullying Detection,2239.0,0.009410524339897842
2021,Solar Radiation and Photovoltaics,2012.0,0.003079583586909523
2021,Organizational and Employee Performance,1947.0,0.008568185603951426
2021,Explainable Artificial Intelligence (XAI),1947.0,0.010864424052679691
2021,Educational Technology and Pedagogy,1816.0,0.008465594135645247
2021,Machine Learning and Data Classification,1786.0,0.005378222412513459
2021,Imbalanced Data Classification Techniques,1687.0,0.0048288856655272295
2021,Machine Learning in Healthcare,1522.0,0.006138496342323306
2021,Neural Networks and Reservoir Computing,1468.0,0.005742236353783729
2021,Computer Science and Engineering,1464.0,0.003800024367573075
2021,AI in Service Interactions,1452.0,0.007032001711489478
2022,Topic Modeling,10770.0,0.03422218081665415
2022,Natural Language Processing Techniques,6558.0,0.0001
2022,Privacy-Preserving Technologies in Data,6056.0,0.021935981057037313
2022,Quantum Computing Algorithms and Architect,5956.0,0.016115926671755973
2022,Quantum Information and Cryptography,5220.0,0.0001
2022,Edcuational Technology Systems,5156.0,0.01785447565927178
2022,Anomaly Detection Techniques and Applicati,4941.0,0.015281313296868826
2022,Domain Adaptation and Few-Shot Learning,4895.0,0.02214301551791048
2022,AI in cancer detection,4655.0,0.013820090242857058
2022,Adversarial Robustness in Machine Learning,4626.0,0.021142692870711483
2022,Sentiment Analysis and Opinion Mining,4211.0,0.011542910227385851
2022,Advanced Graph Neural Networks,3634.0,0.016692816270595635
2022,Reinforcement Learning in Robotics,3035.0,0.0071703946080360036
2022,Organizational and Employee Performance,2557.0,0.010660511943525481
2022,Hate Speech and Cyberbullying Detection,2551.0,0.009379875299196549
2022,Explainable Artificial Intelligence (XAI),2296.0,0.011055513871671621
2022,Solar Radiation and Photovoltaics,2195.0,0.002987823455983271
2022,Machine Learning and Data Classification,2024.0,0.005504698946112581
2022,AI in Service Interactions,1970.0,0.008928031052281543
2022,Imbalanced Data Classification Techniques,1874.0,0.0047333628561110445
2022,Neural Networks and Reservoir Computing,1872.0,0.007037623853911759
2022,Educational Technology and Pedagogy,1798.0,0.00662682756189139
2022,Computer Science and Engineering,1769.0,0.004667235763451546
2022,Machine Learning in Healthcare,1631.0,0.005487328059421544
2023,Topic Modeling,16557.0,0.051408749791413376
2023,Natural Language Processing Techniques,7986.0,0.0001
2023,Privacy-Preserving Technologies in Data,7824.0,0.023319879997579517
2023,Quantum Computing Algorithms and Architect,7359.0,0.016212279774346253
2023,Edcuational Technology Systems,6162.0,0.016423458008821463
2023,Anomaly Detection Techniques and Applicati,6104.0,0.015165257539416943
2023,Domain Adaptation and Few-Shot Learning,5853.0,0.020281170203022843
2023,AI in cancer detection,5742.0,0.013721595789931752
2023,Quantum Information and Cryptography,5562.0,0.0001
2023,Adversarial Robustness in Machine Learning,5528.0,0.01934343844669801
2023,Sentiment Analysis and Opinion Mining,4795.0,0.00939701331865601
2023,Advanced Graph Neural Networks,4401.0,0.0155859587786133
2023,Reinforcement Learning in Robotics,3343.0,0.005129968094093039
2023,Organizational and Employee Performance,3250.0,0.01081664411898262
2023,Hate Speech and Cyberbullying Detection,3245.0,0.00967531109303912
2023,Explainable Artificial Intelligence (XAI),3149.0,0.01229130761196754
2023,AI in Service Interactions,2809.0,0.01062154432893092
2023,Solar Radiation and Photovoltaics,2494.0,0.002142867807179873
2023,Neural Networks and Reservoir Computing,2362.0,0.007135066794685669
2023,Computer Science and Engineering,2300.0,0.005323918261897311
2023,Machine Learning and Data Classification,2296.0,0.004430730986135389
2023,Educational Technology and Pedagogy,2226.0,0.00650386144145787
2023,Imbalanced Data Classification Techniques,2195.0,0.004148129033916664
2023,Machine Learning in Healthcare,2106.0,0.0058958309362996866
2024,Topic Modeling,13757.0,0.022313459725156706
2024,Natural Language Processing Techniques,13234.0,0.010006006389674867
2024,Neural Networks and Applications,11762.0,0.008433625663198198
2024,Anomaly Detection Techniques and Applicati,9061.0,0.02386018670110549
2024,Privacy-Preserving Technologies in Data,8523.0,0.019315467491850997
2024,Quantum Computing Algorithms and Architect,7563.0,0.01088852642574168
2024,AI in cancer detection,6779.0,0.013639883244761147
2024,Edcuational Technology Systems,5325.0,0.00685926521675739
2024,AI in Service Interactions,5008.0,0.018234510715110914
2024,Adversarial Robustness in Machine Learning,4752.0,0.010156279441809489
2024,Sentiment Analysis and Opinion Mining,4724.0,0.005079141825798668
2024,Advanced Graph Neural Networks,3816.0,0.008408500237011035
2024,Domain Adaptation and Few-Shot Learning,3504.0,0.0032923451534949896
2024,Hate Speech and Cyberbullying Detection,3314.0,0.006960812238142369
2024,Computer Science and Engineering,3165.0,0.0074532309056161575
2024,Explainable Artificial Intelligence (XAI),3165.0,0.009107376097740306
2024,Organizational and Employee Performance,3060.0,0.006743466237325357
2024,Machine Learning in Healthcare,3025.0,0.00834298107717103
2024,Educational Technology and Pedagogy,2989.0,0.00806819621077105
2024,Imbalanced Data Classification Techniques,2832.0,0.005379993414400864
2024,Neural Networks and Reservoir Computing,2453.0,0.005343854805276163
2024,Machine Learning and Data Classification,2413.0,0.0030904367996401737
2024,Intelligent Tutoring Systems and Adaptive ,2248.0,0.0030626881041744313
2024,"Law, AI, and Intellectual Property",2169.0,0.005171502864826729
2025,Topic Modeling,7503.0,0.015067298938743645
2025,Neural Networks and Applications,6145.0,0.0011896144039842127
2025,Anomaly Detection Techniques and Applicati,5650.0,0.023841374974999486
2025,Privacy-Preserving Technologies in Data,5035.0,0.017369147216094425
2025,AI in cancer detection,4836.0,0.019004189203890992
2025,Quantum Computing Algorithms and Architect,4522.0,0.010266833585396536
2025,AI in Service Interactions,4509.0,0.028905814462939
2025,Sentiment Analysis and Opinion Mining,2846.0,0.005048416933788335
2025,Adversarial Robustness in Machine Learning,2519.0,0.006803309385923984
2025,Edcuational Technology Systems,2466.0,0.0006971606741842246
2025,Machine Learning in Healthcare,2409.0,0.012527663172957698
2025,Explainable Artificial Intelligence (XAI),2339.0,0.011976346575333406
2025,Advanced Graph Neural Networks,2322.0,0.008110469110344744
2025,Imbalanced Data Classification Techniques,2113.0,0.00840535388748915
2025,Hate Speech and Cyberbullying Detection,2093.0,0.0073573381111784394
2025,Organizational and Employee Performance,2020.0,0.0077834117646590015
2025,Solar Radiation and Photovoltaics,1895.0,0.003635825691258124
2025,Intelligent Tutoring Systems and Adaptive ,1857.0,0.007047875786547728
2025,"Law, AI, and Intellectual Property",1612.0,0.00732520468416497
2025,Computer Science and Engineering,1599.0,0.004509154447764133
2025,Neural Networks and Reservoir Computing,1526.0,0.005428938636213144
2025,Educational Technology and Pedagogy,1506.0,0.005144901739271138
2025,Seismology and Earthquake Studies,1371.0,0.003486214490854833
2025,Machine Learning and Data Classification,1271.0,0.0015427986350648373
