family,year,share,kind,lo,hi
AI Ethics & Fairness,2000,0.32213529682466635,history,,
AI Ethics & Fairness,2001,0.2883229216722729,history,,
AI Ethics & Fairness,2002,0.4285408185129634,history,,
AI Ethics & Fairness,2003,0.3080369644357323,history,,
AI Ethics & Fairness,2004,1.018626309662398,history,,
AI Ethics & Fairness,2005,1.1341698841698842,history,,
AI Ethics & Fairness,2006,1.629018245004344,history,,
AI Ethics & Fairness,2007,1.581798483206934,history,,
AI Ethics & Fairness,2008,2.00661977658254,history,,
AI Ethics & Fairness,2009,2.412363362231436,history,,
AI Ethics & Fairness,2010,2.6573925450329945,history,,
AI Ethics & Fairness,2011,2.247778358599059,history,,
AI Ethics & Fairness,2012,2.8474903474903472,history,,
AI Ethics & Fairness,2013,2.5302701024526546,history,,
AI Ethics & Fairness,2014,2.5580095051719316,history,,
AI Ethics & Fairness,2015,2.407566638005159,history,,
AI Ethics & Fairness,2016,2.948434861670347,history,,
AI Ethics & Fairness,2017,3.196559339765198,history,,
AI Ethics & Fairness,2018,4.178300757877942,history,,
AI Ethics & Fairness,2019,5.222135619641465,history,,
AI Ethics & Fairness,2020,7.119155354449472,history,,
AI Ethics & Fairness,2021,8.49056603773585,history,,
AI Ethics & Fairness,2022,10.16280217069561,history,,
AI Ethics & Fairness,2023,10.0688210652304,history,,
AI Ethics & Fairness,2024,9.630016086257118,history,,
AI Ethics & Fairness,2025,8.325499412455935,history,,
AI Ethics & Fairness,2026,8.965101513878116,forecast,7.465505535893523,10.464697491862708
AI Ethics & Fairness,2027,8.895231150010678,forecast,6.778270749077809,11.012191550943548
AI Ethics & Fairness,2028,8.99019964142994,forecast,6.404641534035167,11.575757748824714
Applied / Interdisciplinary AI,2000,28.30188679245283,history,,
Applied / Interdisciplinary AI,2001,29.697260932244113,history,,
Applied / Interdisciplinary AI,2002,28.326548103706877,history,,
Applied / Interdisciplinary AI,2003,29.739568748249788,history,,
Applied / Interdisciplinary AI,2004,29.59837019790454,history,,
Applied / Interdisciplinary AI,2005,29.39189189189189,history,,
Applied / Interdisciplinary AI,2006,29.626411815812336,history,,
Applied / Interdisciplinary AI,2007,31.029252437703143,history,,
Applied / Interdisciplinary AI,2008,29.292511377741004,history,,
Applied / Interdisciplinary AI,2009,29.0425932906144,history,,
Applied / Interdisciplinary AI,2010,30.88995897984662,history,,
Applied / Interdisciplinary AI,2011,32.427252134518206,history,,
Applied / Interdisciplinary AI,2012,31.097168597168594,history,,
Applied / Interdisciplinary AI,2013,29.959639863396458,history,,
Applied / Interdisciplinary AI,2014,30.164942689404526,history,,
Applied / Interdisciplinary AI,2015,28.847807394668962,history,,
Applied / Interdisciplinary AI,2016,28.367320431224837,history,,
Applied / Interdisciplinary AI,2017,27.676391956294317,history,,
Applied / Interdisciplinary AI,2018,25.518548065416834,history,,
Applied / Interdisciplinary AI,2019,24.733697064172514,history,,
Applied / Interdisciplinary AI,2020,25.93514328808447,history,,
Applied / Interdisciplinary AI,2021,26.39487870619946,history,,
Applied / Interdisciplinary AI,2022,27.21386285150469,history,,
Applied / Interdisciplinary AI,2023,27.284061440255336,history,,
Applied / Interdisciplinary AI,2024,28.09443067692709,history,,
Applied / Interdisciplinary AI,2025,29.215628672150412,history,,
Applied / Interdisciplinary AI,2026,28.686120131593004,forecast,27.18652415360841,30.185716109577598
Applied / Interdisciplinary AI,2027,28.520859231460044,forecast,26.403898830527172,30.63781963239291
Applied / Interdisciplinary AI,2028,28.152888139346917,forecast,25.567330031952146,30.738446246741688
Core ML / Deep Learning,2000,11.41279337321675,history,,
Core ML / Deep Learning,2001,11.004324843825083,history,,
Core ML / Deep Learning,2002,12.791943432611957,history,,
Core ML / Deep Learning,2003,11.229347521702604,history,,
Core ML / Deep Learning,2004,10.273573923166472,history,,
Core ML / Deep Learning,2005,10.593629343629344,history,,
Core ML / Deep Learning,2006,9.339704604691573,history,,
Core ML / Deep Learning,2007,8.840736728060673,history,,
Core ML / Deep Learning,2008,10.198593297476211,history,,
Core ML / Deep Learning,2009,9.80022615906521,history,,
Core ML / Deep Learning,2010,10.041020153379703,history,,
Core ML / Deep Learning,2011,10.193413486670151,history,,
Core ML / Deep Learning,2012,10.1994851994852,history,,
Core ML / Deep Learning,2013,9.701955914312325,history,,
Core ML / Deep Learning,2014,10.609449259155717,history,,
Core ML / Deep Learning,2015,12.095156205216394,history,,
Core ML / Deep Learning,2016,13.326406026756722,history,,
Core ML / Deep Learning,2017,15.610833430198767,history,,
Core ML / Deep Learning,2018,17.690466693258873,history,,
Core ML / Deep Learning,2019,19.087208798822207,history,,
Core ML / Deep Learning,2020,19.260935143288087,history,,
Core ML / Deep Learning,2021,18.409703504043126,history,,
Core ML / Deep Learning,2022,18.47557967439566,history,,
Core ML / Deep Learning,2023,17.70396967883503,history,,
Core ML / Deep Learning,2024,18.62962479892179,history,,
Core ML / Deep Learning,2025,18.589894242068155,history,,
Core ML / Deep Learning,2026,18.562991383279467,forecast,17.06339540529487,20.06258736126406
Core ML / Deep Learning,2027,18.625316469902227,forecast,16.508356068969356,20.742276870835095
Core ML / Deep Learning,2028,18.635552392470647,forecast,16.049994285075876,21.221110499865418
Healthcare AI,2000,1.2885411872986654,history,,
Healthcare AI,2001,1.2493993272465163,history,,
Healthcare AI,2002,0.7713734733233341,history,,
Healthcare AI,2003,1.008120974516942,history,,
Healthcare AI,2004,1.1059371362048895,history,,
Healthcare AI,2005,1.2306949806949807,history,,
Healthcare AI,2006,1.107732406602954,history,,
Healthcare AI,2007,1.2784398699891657,history,,
Healthcare AI,2008,1.220521307405875,history,,
Healthcare AI,2009,1.4888805126272144,history,,
Healthcare AI,2010,1.7656500802568218,history,,
Healthcare AI,2011,2.0038334204565253,history,,
Healthcare AI,2012,1.7213642213642213,history,,
Healthcare AI,2013,1.8317292766221671,history,,
Healthcare AI,2014,1.8451216102879506,history,,
Healthcare AI,2015,1.9919747778733163,history,,
Healthcare AI,2016,2.5847512663982335,history,,
Healthcare AI,2017,3.033825409740788,history,,
Healthcare AI,2018,3.6597526924611086,history,,
Healthcare AI,2019,4.1136225859530615,history,,
Healthcare AI,2020,4.374057315233785,history,,
Healthcare AI,2021,4.743935309973046,history,,
Healthcare AI,2022,5.414405525407005,history,,
Healthcare AI,2023,5.520646319569121,history,,
Healthcare AI,2024,5.391069953480283,history,,
Healthcare AI,2025,5.237955346650999,history,,
Healthcare AI,2026,5.532280755116256,forecast,4.032684777131662,7.031876733100849
Healthcare AI,2027,5.647101864526879,forecast,3.530141463594009,7.764062265459748
Healthcare AI,2028,5.800590933985537,forecast,3.215032826590763,8.38614904138031
ML Theory & Optimization,2000,28.1638288080994,history,,
ML Theory & Optimization,2001,28.207592503604033,history,,
ML Theory & Optimization,2002,27.212341975573175,history,,
ML Theory & Optimization,2003,28.535424250910108,history,,
ML Theory & Optimization,2004,29.511059371362048,history,,
ML Theory & Optimization,2005,28.185328185328185,history,,
ML Theory & Optimization,2006,27.671589921807122,history,,
ML Theory & Optimization,2007,28.927410617551462,history,,
ML Theory & Optimization,2008,27.72031443938767,history,,
ML Theory & Optimization,2009,27.120241236336224,history,,
ML Theory & Optimization,2010,28.874621009452472,history,,
ML Theory & Optimization,2011,28.21048963234013,history,,
ML Theory & Optimization,2012,28.104890604890603,history,,
ML Theory & Optimization,2013,29.571561626823968,history,,
ML Theory & Optimization,2014,26.05535364830864,history,,
ML Theory & Optimization,2015,24.07566638005159,history,,
ML Theory & Optimization,2016,21.911936615144825,history,,
ML Theory & Optimization,2017,20.376612809485064,history,,
ML Theory & Optimization,2018,17.87993617869964,history,,
ML Theory & Optimization,2019,16.082099246557547,history,,
ML Theory & Optimization,2020,15.588235294117647,history,,
ML Theory & Optimization,2021,15.91644204851752,history,,
ML Theory & Optimization,2022,15.669708929452392,history,,
ML Theory & Optimization,2023,14.577099541192897,history,,
ML Theory & Optimization,2024,13.45158906134516,history,,
ML Theory & Optimization,2025,13.830787309048178,history,,
ML Theory & Optimization,2026,13.554182774635697,forecast,12.054586796651105,15.053778752620289
ML Theory & Optimization,2027,13.563286081792988,forecast,11.446325680860118,15.68024648272586
ML Theory & Optimization,2028,13.628366843703148,forecast,11.042808736308373,16.21392495109792
NLP,2000,20.47860101242522,history,,
NLP,2001,18.06823642479577,history,,
NLP,2002,19.86286693807585,history,,
NLP,2003,19.12629515541865,history,,
NLP,2004,20.343422584400468,history,,
NLP,2005,20.294401544401545,history,,
NLP,2006,22.849695916594264,history,,
NLP,2007,19.349945828819067,history,,
NLP,2008,21.472900289615225,history,,
NLP,2009,23.049378062570675,history,,
NLP,2010,18.12020688425183,history,,
NLP,2011,16.93674856246733,history,,
NLP,2012,18.645431145431147,history,,
NLP,2013,19.776466935734245,history,,
NLP,2014,23.161867486720716,history,,
NLP,2015,25.093149899684725,history,,
NLP,2016,25.57474996752825,history,,
NLP,2017,24.607694990119725,history,,
NLP,2018,25.94734742720383,history,,
NLP,2019,26.500389711613405,history,,
NLP,2020,23.883861236802414,history,,
NLP,2021,22.762803234501348,history,,
NLP,2022,20.11593487913172,history,,
NLP,2023,21.99281867145422,history,,
NLP,2024,21.7034041998174,history,,
NLP,2025,21.057579318448884,history,,
NLP,2026,21.009787899683182,forecast,19.51019192169859,22.509383877667776
NLP,2027,20.82370408595235,forecast,18.70674368501948,22.940664486885222
NLP,2028,20.660238625478392,forecast,18.074680518083618,23.245796732873163
Reinforcement Learning,2000,2.577082374597331,history,,
Reinforcement Learning,2001,3.7481979817395485,history,,
Reinforcement Learning,2002,2.5926719520034283,history,,
Reinforcement Learning,2003,2.8563427611313355,history,,
Reinforcement Learning,2004,1.8044237485448196,history,,
Reinforcement Learning,2005,2.4613899613899615,history,,
Reinforcement Learning,2006,1.9331016507384884,history,,
Reinforcement Learning,2007,2.1235102925243767,history,,
Reinforcement Learning,2008,1.4480761274306992,history,,
Reinforcement Learning,2009,1.8092725216735772,history,,
Reinforcement Learning,2010,1.3197788478687356,history,,
Reinforcement Learning,2011,1.4810942672939535,history,,
Reinforcement Learning,2012,1.1100386100386102,history,,
Reinforcement Learning,2013,0.884818379385284,history,,
Reinforcement Learning,2014,0.8526698350573106,history,,
Reinforcement Learning,2015,0.6735454284895385,history,,
Reinforcement Learning,2016,0.38966099493440703,history,,
Reinforcement Learning,2017,0.34871556433802164,history,,
Reinforcement Learning,2018,0.24930195452732348,history,,
Reinforcement Learning,2019,0.16454490343812248,history,,
Reinforcement Learning,2020,0.1885369532428356,history,,
Reinforcement Learning,2021,0.09433962264150944,history,,
Reinforcement Learning,2022,0.11716822890971879,history,,
Reinforcement Learning,2023,0.1296628765210453,history,,
Reinforcement Learning,2024,0.3347680535628886,history,,
Reinforcement Learning,2025,0.6492361927144535,history,,
Reinforcement Learning,2026,0.6049827567587109,forecast,0.0,2.1045787347433045
Reinforcement Learning,2027,0.7037874260206984,forecast,0.0,2.820747826953568
Reinforcement Learning,2028,0.7833084541290947,forecast,0.0,3.3688665615238684
Robotics,2000,7.455131155085136,history,,
Robotics,2001,7.736665064872657,history,,
Robotics,2002,8.013713306192415,history,,
Robotics,2003,7.196863623634836,history,,
Robotics,2004,6.344586728754366,history,,
Robotics,2005,6.7084942084942085,history,,
Robotics,2006,5.842745438748914,history,,
Robotics,2007,6.868905742145179,history,,
Robotics,2008,6.640463384360777,history,,
Robotics,2009,5.277044854881266,history,,
Robotics,2010,6.331371499910826,history,,
Robotics,2011,6.499390137654644,history,,
Robotics,2012,6.274131274131274,history,,
Robotics,2013,5.743557901272896,history,,
Robotics,2014,4.752585965893206,history,,
Robotics,2015,4.815133276010318,history,,
Robotics,2016,4.896739836342382,history,,
Robotics,2017,5.14936650005812,history,,
Robotics,2018,4.876346230554447,history,,
Robotics,2019,4.09630206980168,history,,
Robotics,2020,3.6500754147812975,history,,
Robotics,2021,3.1873315363881405,history,,
Robotics,2022,2.830537740503207,history,,
Robotics,2023,2.722920406941951,history,,
Robotics,2024,2.7650971696882745,history,,
Robotics,2025,3.093419506462985,history,,
Robotics,2026,3.084552785055571,forecast,1.5849568070709779,4.584148763040164
Robotics,2027,3.2207136903341373,forecast,1.1037532894012678,5.337674091267007
Robotics,2028,3.3488549694563288,forecast,0.7632968620615549,5.9344130768511025
